,case,tot_GMGm,tot_slope,tot_peaknum,tot_PMGm,side_GMGm,side_slope,side_peaknum,side_PMGm
0,t1_dp1,2.638649646,2148.3581670820186,1.0,1.040313616,1.040313616,583.6302693264789,1.0,1.040313616
1,t1_dp2,2.597180608,2212.105485228554,1.0,1.0489725479999998,1.499570858,1133.7892074275169,1.0,1.0489725479999998
2,t1_dp3,2.548518432,2104.2179501917644,1.0,0.3625261159999999,0.6734684719999999,370.9141703237953,1.0,0.3625261159999999
3,t1_dp4,2.5362293360000003,2124.9221026192736,2.0,1.179890136,0.903902356,517.718704884097,1.0,0.403901576
4,t1_dp5,2.5286323800000003,2281.857997322893,2.0,0.95543053,0.94928799,792.140242902758,1.0,0.604482862
5,t1_dp6,2.466562757,2099.795146290734,1.0,1.3143572469999998,0.998662057,576.6679482025993,0.0,0.0
6,t1_dp7,2.7489256911,2559.293358690589,1.0,1.5248948311,1.5248948311,842.0846455969154,1.0,1.5248948311
7,t1_dp8,2.497159035,2187.598136312872,1.0,1.041998125,1.0611477450000002,767.7116280958091,1.0,1.041998125
8,t1_dp9,2.5782995630000003,2079.973191498628,1.0,0.526258736,0.7551770099999999,474.999152609382,1.0,0.526258736
9,t1_dp10,2.7510149445,2140.2394121549164,0.0,0.0,1.3476624745,585.1823034287396,0.0,0.0
10,t1_dp11,2.569137428,2163.6158592167326,0.0,0.0,0.841643488,493.3876269210784,0.0,0.0
11,t1_dp12,2.5982628290000003,2019.8744833060623,1.0,1.090241449,0.8119861299999999,445.8661707561977,0.0,0.0
12,t1_dp13,2.6932951758,2140.8344988139484,2.0,1.4285246658,1.4285246658,653.6986044693401,1.0,0.8596639308
13,t1_dp14,2.6816615872000003,2103.5866207691347,1.0,1.3365370272,1.3365370272,519.4338626650061,1.0,1.3365370272
14,t1_dp15,2.528673753,2002.192102438648,1.0,1.025276623,1.1661693130000002,745.2218642605934,1.0,1.025276623
15,t1_dp16,2.5572375609999995,2259.202636255012,2.0,1.4281692410000002,1.053950091,669.1781853756452,1.0,0.675505595
16,t1_dp17,2.5698887320000003,2316.9458735834646,1.0,1.342824562,1.342824562,740.6574156873503,1.0,1.342824562
17,t1_dp18,2.673495708,2234.3016761664703,1.0,1.484586768,1.349497268,423.4119776756944,0.0,0.0
18,t1_dp19,2.517596567,2380.486942641673,1.0,1.441193147,1.441193147,779.9318108297201,1.0,1.441193147
19,t1_dp20,2.6791595955000003,2350.8697952246475,2.0,1.4947040155,0.9190460755,704.7783591373202,1.0,0.9190460755
20,t1_dp21,2.7315280782,2440.443767998404,2.0,1.5939083582,1.0688339282,608.3045949443494,1.0,1.0688339282
21,t1_dp22,2.595610535,2282.523059718136,2.0,1.165468445,1.165468445,686.6504681105205,2.0,1.165468445
22,t1_dp23,2.6940588316,2126.8004340847588,2.0,1.8007508715999998,1.0791183716,561.4108098352016,1.0,1.0791183716
23,t1_dp24,2.58170257,2201.10771021977,1.0,1.41204536,1.41204536,1019.1272119272612,0.0,0.0
24,t1_dp25,2.629044002,2305.5136862114464,1.0,1.142640482,1.142640482,601.2691559246301,1.0,1.142640482
25,t1_dp26,2.603740269,1988.0634593486384,1.0,0.4288684729999999,1.180201729,699.6180888763035,1.0,0.4288684729999999
26,t1_dp27,2.460784921,2019.6399082275127,1.0,0.703636615,1.110387561,744.1459043054402,1.0,0.703636615
27,t1_dp28,2.608035661,2307.5827262527305,1.0,1.198014331,1.198014331,869.8755165698251,1.0,1.198014331
28,t1_dp29,2.649091842,1957.3288263872355,1.0,1.186960912,1.078697572,432.70531135805936,0.0,0.0
29,t1_dp30,2.684587763,2236.412031021196,2.0,1.499497823,0.82463582,354.5970365659947,1.0,0.577050349
30,t1_dp31,2.500653616,2047.8854783167333,0.0,0.0,1.1166796359999998,720.502803611688,0.0,0.0
31,t1_dp32,2.7120372964,2161.493159319038,1.0,0.9917678564,0.9917678564,492.1245165158486,1.0,0.9917678564
32,t1_dp33,2.7146838168,1946.5258670409703,1.0,1.3199166168,1.3199166168,454.1615244524579,0.0,0.0
33,t1_dp34,2.633352485,2265.064846303309,1.0,1.0791719649999998,1.634919155,1172.902935058322,1.0,1.0791719649999998
34,t1_dp35,2.7113852851,2162.331529332396,1.0,0.8556762770999999,0.8556762770999999,458.2859010360852,1.0,0.8556762770999999
35,t1_dp36,2.661556104,2250.1590220530875,1.0,1.545638524,1.545638524,505.2460462364661,0.0,0.0
36,t1_dp37,2.678390433,2094.26356665797,1.0,1.132247113,1.119148173,389.83586681538026,0.0,0.0
37,t1_dp38,2.446836908,2111.081807673031,2.0,0.8093139579999999,1.044103878,796.948688409713,1.0,0.586613664
38,t1_dp39,2.7163829655,2163.5405475359494,1.0,1.7524820255000002,1.3837083255000002,625.6822397480606,0.0,0.0
39,t1_dp40,2.6909369154,2067.687529302995,1.0,1.2708950254,1.2708950254,394.111999700431,0.0,0.0
40,t1_dp41,2.458484754,2264.8432108220736,1.0,1.2499587940000003,0.969693444,572.0808788275058,0.0,0.0
41,t1_dp42,2.603041906,2306.68993219313,1.0,1.288172646,1.387709376,1009.1324117207158,0.0,0.0
42,t1_dp43,2.6326408530000003,1900.398565718868,1.0,1.454665413,1.256234803,578.6680552806082,0.0,0.0
43,t1_dp44,2.6897278279000005,2160.1922517577086,0.0,0.0,1.1325733678999998,491.7941721891992,0.0,0.0
44,t1_dp45,2.7169668723,1996.0397140186544,1.0,1.0241126623,1.0241126623,381.9223668628652,0.0,0.0
45,t1_dp46,2.7024243463,2091.2515672640898,2.0,1.5884726763,0.8497140222999999,523.8469645288201,1.0,0.7860947953
46,t1_dp47,2.6634264238000003,2021.7566101247085,1.0,0.9857873438,0.9857873438,573.6448007607403,1.0,0.9857873438
47,t1_dp48,2.5351298250000003,2015.791215204945,1.0,0.961292225,1.181567015,814.2760491304626,1.0,0.961292225
48,t1_dp49,2.553959003,2121.590573343393,1.0,0.8250551430000002,1.280189583,883.1018696623889,1.0,0.8250551430000002
49,t1_dp50,2.583785708,2248.175645639212,1.0,1.123838508,1.272196208,964.7239856232292,1.0,1.123838508
50,t1_dp51,2.657267199,2187.9667916473622,2.0,1.720177059,1.055678059,588.2374906032682,1.0,0.8067287780000001
51,t1_dp52,2.611340354,2468.363592558394,1.0,1.6494295440000002,1.630401574,1068.6687455364136,0.0,0.0
52,t1_dp53,2.450423258,1950.1170603600387,0.0,0.0,1.197163078,786.0945106168255,0.0,0.0
53,t1_dp54,2.564782724,1894.6917521529413,1.0,1.160245374,1.126647564,536.6068788716551,0.0,0.0
54,t1_dp55,2.6746299491,2143.729405345749,2.0,1.6427901891,1.2546652391000002,576.0635405300154,1.0,1.2546652391000002
55,t1_dp56,2.6909656127000003,2363.505677907328,2.0,1.4299853527,1.4299853527,916.2362185016406,2.0,1.4299853527
56,t1_dp57,2.4762681310000003,1988.69707130338,1.0,1.254874541,0.7374963899999999,430.17931794924544,0.0,0.0
57,t1_dp58,2.551431677,1891.593972885888,1.0,0.960530747,0.960530747,444.9231803302422,1.0,0.960530747
58,t1_dp59,2.470090082,2306.9105611373866,2.0,1.418189292,1.174996402,857.0430944042364,1.0,0.492724211
59,t1_dp60,2.492092523,2054.7221530970187,1.0,1.198649843,1.193955393,748.5729709462062,0.0,0.0
60,t1_dp61,2.7237156966,2169.791365425908,1.0,1.7786727666,1.0939502066,529.5910775325917,0.0,0.0
61,t1_dp62,2.7304269362,2340.656521022823,2.0,1.2685462962,1.2685462962,763.0573698195702,2.0,1.2685462962
62,t1_dp63,2.737588572,2524.5850088037305,3.0,1.6651428120000002,1.3800419220000002,790.6057179964663,1.0,1.191900202
63,t1_dp64,2.599982223,2425.162589945636,1.0,1.612094843,1.612094843,942.2075643320476,0.0,0.0
64,t1_dp65,2.7097310109,2304.802021289464,1.0,1.0492213909,1.0492213909,851.4629864288823,1.0,1.0492213909
65,t1_dp66,2.581631561,2410.2091548011917,1.0,1.2919159210000002,1.2919159210000002,897.4559177848918,1.0,1.2919159210000002
66,t1_dp67,2.715267993,2283.7345560324,2.0,1.656008123,1.1963403629999998,667.9539687098605,1.0,1.1963403629999998
67,t1_dp68,2.6756336391,2246.617228254737,2.0,1.5597388791,1.3356439190999998,699.4575512596292,1.0,1.3356439190999998
68,t1_dp69,2.599814325,2145.426899740047,2.0,1.523544085,1.218383785,675.8497309617379,0.0,0.0
69,t1_dp70,2.459832063,2125.4381153152835,1.0,0.675892632,0.915403773,698.3242965529012,1.0,0.675892632
70,t1_dp71,2.7007432909,2275.653653380557,2.0,1.2795449309,1.2795449309,841.3103217736375,2.0,1.2795449309
71,t1_dp72,2.7034644702,2073.234097383312,2.0,1.2078467902,1.0358887902,590.6396030411505,1.0,1.0334589702
72,t1_dp73,2.7158639761,2185.069870237404,2.0,1.6562258761,1.3570107961000002,586.8392727069873,1.0,1.3570107961000002
73,t1_dp74,2.612045502,2189.3101872603165,1.0,1.563623662,1.284468102,533.5610598525537,0.0,0.0
74,t1_dp75,2.50876541,2102.976139394953,2.0,1.09772568,1.04368789,701.4704663355296,1.0,0.300928281
75,t1_dp76,2.5388496240000005,2262.3025724958043,1.0,1.267398624,1.197206704,703.7715172568284,0.0,0.0
76,t1_dp77,2.6350565840000004,2490.870211748868,2.0,1.573424634,1.4458692940000002,1078.701333254788,1.0,1.132603114
77,t1_dp78,2.6884140686,2123.042188321763,1.0,1.1333144486,1.1333144486,724.8924626325627,1.0,1.1333144486
78,t1_dp79,2.65156434,2107.4274103032008,1.0,0.830222125,0.830222125,473.2494774211934,1.0,0.830222125
79,t1_dp80,2.590952766,2331.0252357471577,1.0,1.7190102660000002,1.247950106,741.6063379882928,0.0,0.0
80,t1_dp81,2.5851805380000004,2354.7439065221192,1.0,1.584547428,1.497564808,851.5236799025939,0.0,0.0
81,t1_dp82,2.6464100269999995,2625.4037468241986,2.0,1.478772957,1.478772957,1302.0591441132085,1.0,1.407257747
82,t1_dp83,2.533260532,2144.995057919368,1.0,1.229017302,1.040185832,665.3192004059234,0.0,0.0
83,t1_dp84,2.592296356,1980.9119670122416,1.0,1.000304716,1.000304716,556.3285069983817,0.0,0.0
84,t1_dp85,2.586573448,2152.6130762437733,2.0,1.020662338,0.934824198,660.6389565334507,1.0,0.8738715879999999
85,t1_dp86,2.6967883211,2186.165596920925,2.0,1.3924091211000005,1.2967357511,665.0558725047391,1.0,1.2967357511
86,t1_dp87,2.6851791175,2203.5418799786084,2.0,1.3119929975,0.8583011225,572.7297017250958,1.0,0.8583011225
87,t1_dp88,2.7192774754,2599.2642440975587,2.0,1.4890954654000002,1.4890954654000002,1001.8103181619832,1.0,1.2982650254
88,t1_dp89,2.533998223,2339.903096969881,1.0,1.587262723,1.315843193,831.0238416005196,0.0,0.0
89,t1_dp90,2.6899499263,2180.41353698141,2.0,1.3941288863,1.0671297762999998,636.1465769087572,1.0,0.5670845203
90,t1_dp91,2.6300392660000003,2267.9000565660776,2.0,1.177803996,1.508705816,1046.794141101026,1.0,0.696544332
91,t1_dp92,2.6946787754,2008.115896490122,1.0,1.2331958254,1.2331958254,472.7161341878561,1.0,1.2331958254
92,t1_dp93,2.7184378893,2439.3509587525223,2.0,1.8719972193,1.0527112393,647.1480207643152,1.0,0.8385697363
93,t1_dp94,2.602205539,2310.1495645840373,2.0,1.217099179,1.178034739,860.8819471308892,1.0,1.074909039
94,t1_dp95,2.508625298,2195.326675775108,2.0,0.810712028,1.061962948,824.7923227798248,1.0,0.476677291
95,t1_dp96,2.394759829,2026.4693575996623,1.0,0.7385807389999999,1.0904812089999998,711.6522431504638,0.0,0.0
96,t1_dp97,2.5358964970000004,2355.4621213943697,1.0,1.439015147,1.439015147,666.9842319430816,0.0,0.0
97,t1_dp98,2.610681026,2164.2842721323887,2.0,1.013397266,0.9452095559999998,650.7007615128728,1.0,0.753206987
98,t1_dp99,2.535471733,2442.305656076031,1.0,1.684329283,1.151540363,703.6536543862343,0.0,0.0
99,t1_dp100,2.7059357629,2346.287615082503,1.0,1.7876279628999998,1.4103876029,594.5377584659437,0.0,0.0
100,t2_dp1,2.705740727,3533.2607945962195,2.0,1.314518847,2.234215367,2663.143119641743,2.0,1.314518847
101,t2_dp2,2.790173942,3302.678495578921,3.0,1.316043272,2.478793222,2497.925604065376,4.0,1.316043272
102,t2_dp3,2.8169066400000005,3312.7257764723217,4.0,1.0382086899999998,1.8086588,2096.325174475773,4.0,1.0382086899999998
103,t2_dp4,2.563884538,2922.019881237694,4.0,0.901390038,1.964825268,2034.075531232981,4.0,0.901390038
104,t2_dp5,2.7941102,3398.436076620722,4.0,1.11556564,2.01700347,2322.488239948971,4.0,1.11556564
105,t2_dp6,2.682274552,2939.8461426340414,3.0,1.2065283919999998,2.092134552,1956.966206358603,2.0,1.068033862
106,t2_dp7,2.554951732,3276.4833889741426,2.0,1.007872312,1.975124962,2163.422660537975,2.0,1.007872312
107,t2_dp8,2.643722487,3357.851600450558,4.0,1.2821402970000002,2.072268307,2260.728661684629,3.0,1.071100617
108,t2_dp9,2.666378857,2654.070023290852,2.0,0.9731543269999998,2.156620617,1765.900815854231,2.0,0.9731543269999998
109,t2_dp10,2.7087068770000005,2885.572280833385,3.0,0.941359537,2.153831867,1999.169666058215,3.0,0.941359537
110,t2_dp11,2.783046784,3530.8046447601373,4.0,1.233172824,1.863726634,2256.824400984496,4.0,1.233172824
111,t2_dp12,2.7814699120000004,3554.847633824992,4.0,0.997339912,1.796363112,2317.901210357536,4.0,0.997339912
112,t2_dp13,2.741595611,3362.1767290241683,4.0,1.0787893510000002,2.011434521,2306.475348852985,4.0,1.0787893510000002
113,t2_dp14,2.680338307,3170.6980333193987,2.0,1.0750094369999998,2.199842917,2175.639905545825,2.0,1.0750094369999998
114,t2_dp15,2.7483670690000004,3133.7912833207806,4.0,1.031650739,1.927006919,1960.0991988223911,4.0,1.031650739
115,t2_dp16,2.70355122,2837.3915596509632,3.0,1.09449775,2.19680091,1839.382293308843,3.0,1.09449775
116,t2_dp17,2.691063334,3373.8286609846805,4.0,0.8826869339999999,1.970078334,2290.9536279368035,4.0,0.8826869339999999
117,t2_dp18,2.655818185,2807.753650494914,4.0,0.937876815,1.840140035,1680.225154524623,4.0,0.937876815
118,t2_dp19,2.765672417,3086.241735267839,2.0,1.1616582169999998,2.0040319170000003,1966.903521413721,2.0,1.1616582169999998
119,t2_dp20,2.705262957,3233.72141114041,2.0,1.1217261069999998,1.946778257,2102.473774782069,2.0,1.1217261069999998
120,t2_dp21,2.728855134,3598.214818742231,3.0,1.050125474,2.107812684,2670.927765644674,3.0,1.050125474
121,t2_dp22,2.687346453,3117.778250217086,2.0,1.088160583,2.0367491830000004,1967.4947824533365,2.0,1.088160583
122,t2_dp23,2.547674346,3228.926301055399,4.0,1.1958709260000002,2.007388976,2156.74916456604,3.0,1.059849396
123,t2_dp24,2.7249242970000003,3785.2618199581,2.0,1.034058687,2.108193177,2728.196668659129,2.0,1.034058687
124,t2_dp25,2.7351291250000003,3970.565913434439,2.0,1.4877441850000002,2.081222865,2692.5074023252505,2.0,1.4877441850000002
125,t2_dp26,2.594568328,2987.333097116232,2.0,0.804032348,2.007627428,1961.454115773724,3.0,0.9115557479999998
126,t2_dp27,2.692965591,3241.787266604268,3.0,1.052400711,1.907443191,2076.01843991058,3.0,1.052400711
127,t2_dp28,2.671531958,2880.0865025213348,2.0,0.872267618,1.9495755880000003,1716.8511440328502,2.0,0.872267618
128,t2_dp29,2.707963664,3098.366931049484,3.0,0.969580224,1.917338084,1813.753984939421,3.0,0.969580224
129,t2_dp30,2.72998482,2817.992156729928,4.0,0.98671589,2.27430754,1984.83684146392,4.0,0.98671589
130,t2_dp31,2.778925788,3965.591878870948,4.0,1.170125408,2.009239368,2711.1393158449423,4.0,1.170125408
131,t2_dp32,2.807415949,3942.0318902148,4.0,1.098004679,2.031204679,2881.7347973092906,4.0,1.098004679
132,t2_dp33,2.520877892,3137.43352655118,3.0,0.8858483319999999,1.901906012,2039.5696133019408,3.0,0.8858483319999999
133,t2_dp34,2.602025427,2956.4842604105734,2.0,0.955757717,2.074512217,1991.742700661039,2.0,0.955757717
134,t2_dp35,2.540378918,2702.901930245058,3.0,1.1709982980000002,2.030545238,1610.8529381305111,2.0,0.7378016280000002
135,t2_dp36,2.630728586,3589.268967551208,3.0,1.1413725460000002,2.0700104660000003,2491.4193019888885,3.0,1.1413725460000002
136,t2_dp37,2.66928916,2776.2895689039824,4.0,1.00253944,2.2370407,2003.602041819522,4.0,1.00253944
137,t2_dp38,2.6274688710000005,3103.7748305395507,3.0,1.0879842709999998,2.119154641,2185.6652907839125,3.0,1.0879842709999998
138,t2_dp39,2.62539351,3265.16079956678,3.0,1.15505367,2.04993651,2222.423513251438,3.0,1.15505367
139,t2_dp40,2.719007579,3409.781885431803,2.0,1.088631949,2.093202119,2309.26422810076,2.0,1.088631949
140,t2_dp41,2.719072446,2948.20905740393,3.0,1.084562566,2.2268584560000004,2118.270070554396,3.0,1.084562566
141,t2_dp42,2.76167183,3351.4635196519303,4.0,1.0376913,1.79547635,2010.15164195678,4.0,1.0376913
142,t2_dp43,2.723687565,3014.547748973897,4.0,1.111706955,2.151142575,1907.0649047527768,3.0,1.111706955
143,t2_dp44,2.724617725,3378.3313022316424,3.0,0.8540963749999999,2.2071003950000003,2453.1023330035,3.0,0.8540963749999999
144,t2_dp45,2.6242263890000004,2699.717912183516,2.0,0.982555209,2.145745679,1727.5444312556629,2.0,0.982555209
145,t2_dp46,2.7685204100000003,3587.7206823052115,3.0,1.00498358,2.05458948,2424.2262139644604,3.0,1.00498358
146,t2_dp47,2.619431882,3127.1079834750176,3.0,0.981395652,2.1509146920000006,2240.2553283706725,3.0,0.981395652
147,t2_dp48,2.5914137909999995,3102.807247459073,3.0,0.965424701,2.039980261,2099.5933989916944,3.0,0.965424701
148,t2_dp49,2.741849469,2823.7869012457227,2.0,1.163633149,2.299871019,2114.713899886673,2.0,1.163633149
149,t2_dp50,2.576201597,2417.9288865754684,1.0,0.7511383469999999,2.148152237,1674.7598615954114,1.0,0.7511383469999999
150,t2_dp51,2.69135329,3395.962810443359,5.0,0.95219884,1.94494295,2126.6707888314486,4.0,0.95219884
151,t2_dp52,2.7534287980000003,3127.2305152495783,3.0,1.111050278,2.3469656280000004,2313.000159814776,3.0,1.111050278
152,t2_dp53,2.7875098580000004,2863.63662308146,2.0,0.7681870339999999,2.161152818,1968.111929858493,2.0,0.7681870339999999
153,t2_dp54,2.666366927,3015.844921376655,5.0,1.228292297,2.099492067,1955.996582479971,4.0,1.006925537
154,t2_dp55,2.717098457,3415.973170002108,4.0,1.107453597,1.939244567,2233.127004054072,3.0,0.8417298070000001
155,t2_dp56,2.635503855,2807.064342947473,2.0,0.993458875,2.0982592550000003,1915.4503280471413,2.0,0.993458875
156,t2_dp57,2.631154437,2951.6588657745806,3.0,1.1268925769999998,2.055905817,1973.030062829101,2.0,1.1268925769999998
157,t2_dp58,2.776153765,3447.390103553334,2.0,1.0776975249999998,2.115011595,2365.0249580628274,2.0,1.0776975249999998
158,t2_dp59,2.745709116,2796.9883771158657,3.0,1.172074206,2.187432926,1867.0631424647945,3.0,1.172074206
159,t2_dp60,2.659582449,3118.333557116043,2.0,1.172368439,2.034308299,2007.1417260039243,2.0,1.172368439
160,t2_dp61,2.60560936,3064.563318568418,3.0,0.95142401,2.06428789,2014.1382936717944,2.0,0.95142401
161,t2_dp62,2.8032764080000003,3239.066992798311,2.0,1.0705444680000002,1.973104318,2145.3030301282865,2.0,1.0705444680000002
162,t2_dp63,2.679255124,3088.399610230388,2.0,1.0285075140000002,1.719497644,1722.6468165447654,2.0,1.0285075140000002
163,t2_dp64,2.524232608,3093.6863052554204,4.0,0.8547175680000001,1.869645318,1972.7516702122723,4.0,0.8547175680000001
164,t2_dp65,2.541078196,3032.830077446998,4.0,1.0847196060000002,2.001869666,1990.2959467110893,4.0,1.0847196060000002
165,t2_dp66,2.555246085,2776.541755909148,3.0,0.771011085,1.974043985,1864.7366703739472,3.0,0.771011085
166,t2_dp67,2.729895173,3173.7595248482303,4.0,1.2914763029999998,1.789659843,1927.3815000978168,3.0,1.031426013
167,t2_dp68,2.673700495,2672.070943056926,2.0,1.008591895,2.194240035,1682.540187992407,2.0,1.008591895
168,t2_dp69,2.7957914290000003,3089.1751409719573,4.0,1.288176339,2.339298779,2220.908003992467,3.0,1.180582389
169,t2_dp70,2.7982774170000004,3119.6713522351647,4.0,1.211973957,2.404419007,2383.941895250733,4.0,1.211973957
170,t2_dp71,2.69481669,3346.750146391579,4.0,1.0757119300000002,2.02172612,2231.0668354750496,4.0,1.0757119300000002
171,t2_dp72,2.65931699,3327.993689025702,4.0,0.94927207,2.00057158,2263.9672648444057,4.0,0.94927207
172,t2_dp73,2.67498585,2775.318280612118,3.0,0.79803279,2.03156861,1837.1349190947617,3.0,0.79803279
173,t2_dp74,2.622728965,3293.013526782712,4.0,1.012741035,2.005940095,2257.4957669573905,3.0,0.988623385
174,t2_dp75,2.680753478,4173.18745567491,4.0,1.209591398,2.092364358,3060.1133146696952,4.0,1.209591398
175,t2_dp76,2.53837084,2480.3824430911427,2.0,1.00521866,2.05892575,1549.6608465682173,2.0,1.00521866
176,t2_dp77,2.781746956,3770.960977464942,4.0,1.1965317359999998,1.957437996,2504.655216096287,4.0,1.1965317359999998
177,t2_dp78,2.631565209,3051.691333707527,2.0,0.958051299,2.048482769,2067.976096134103,2.0,0.958051299
178,t2_dp79,2.789557625,3665.545595289172,3.0,1.130510995,1.664721115,2148.6947347661867,2.0,1.130510995
179,t2_dp80,2.593930611,3025.387866449398,3.0,0.8064755509999999,1.970425281,1893.8845414081984,3.0,0.8064755509999999
180,t2_dp81,2.670646795,3266.827701650782,3.0,0.8247837249999999,2.077563115,2338.281751288508,3.0,0.8247837249999999
181,t2_dp82,2.561676841,2687.029460524413,2.0,0.922944691,2.099921981,1809.6938196850488,2.0,0.922944691
182,t2_dp83,2.651507123,3357.0118940488146,4.0,0.836501913,2.145693493,2334.328060793647,4.0,0.836501913
183,t2_dp84,2.666901205,2927.197051716203,3.0,0.976620695,2.180924275,2156.8127007195367,3.0,0.976620695
184,t2_dp85,2.678396445,3426.300911915255,4.0,1.231180765,1.999358905,2271.789421470922,3.0,0.997117635
185,t2_dp86,2.815337137,4298.430174401521,3.0,1.561663797,2.047462137,2952.6575894971666,3.0,1.561663797
186,t2_dp87,2.6998425630000003,3206.3927993596467,3.0,0.8385194229999999,2.042969573,2321.934616295055,3.0,0.8385194229999999
187,t2_dp88,2.783397794,3432.2704514040997,3.0,1.063034404,2.144649504,2337.104350099009,3.0,1.063034404
188,t2_dp89,2.66992403,3180.0692722577364,4.0,0.99735914,1.87511402,2039.1292753622197,4.0,0.99735914
189,t2_dp90,2.674844257,2817.9638585079488,4.0,1.106407877,2.200415507,1931.1142976068163,3.0,1.024755567
190,t2_dp91,2.767697862,3104.1713777332384,2.0,0.921084622,1.9571356920000005,1913.5175316241143,2.0,0.921084622
191,t2_dp92,2.6213937350000003,3098.754457343554,4.0,1.1746351049999997,2.055333315,1982.7417740147696,4.0,1.1746351049999997
192,t2_dp93,2.804118411,3755.864754206109,3.0,1.325461281,1.875583281,2456.1866655663357,3.0,1.325461281
193,t2_dp94,2.779815504,3178.0096366762564,4.0,0.955925714,2.0374696940000003,2010.5106175393844,4.0,0.955925714
194,t2_dp95,2.688519427,3430.569001216094,4.0,1.136948817,2.100299577,2384.7487266665003,3.0,0.926636277
195,t2_dp96,2.6462816470000003,2798.2686039689047,4.0,1.226065827,2.149711157,2000.1422351468152,3.0,0.966665597
196,t2_dp97,2.5928465170000004,3298.321338495509,4.0,0.795950647,1.962738577,2178.8597814739405,4.0,0.795950647
197,t2_dp98,2.699373958,3140.7413397564355,3.0,1.239241068,1.870548088,1938.1689646216537,2.0,0.986578608
198,t2_dp99,2.790094707,3261.7041862752526,3.0,0.958931637,2.107278327,2230.624557378876,3.0,0.958931637
199,t2_dp100,2.745495174,2911.4732078490383,3.0,0.8851144240000001,2.371887674,2332.7305706198517,3.0,0.8851144240000001
200,t3_dp1,2.51896068,2344.9644371587437,1.0,0.62158331,0.62158331,335.92808936343204,1.0,0.62158331
201,t3_dp2,2.703355755,2878.345328021971,1.0,1.020012825,1.000100164,822.72130208252,1.0,1.000100164
202,t3_dp3,2.522024569,2332.834447844769,1.0,0.423717678,0.423717678,255.52802914013816,1.0,0.423717678
203,t3_dp4,2.666949336,2662.687124005101,3.0,0.7967193760000001,0.7740870150000001,564.3978113638154,2.0,0.7740870150000001
204,t3_dp5,2.681482981,2391.2853473011364,1.0,0.991908501,0.991908501,382.087908440695,1.0,0.991908501
205,t3_dp6,2.564171587,2513.865462607161,3.0,0.860545907,0.593150943,398.589388185657,2.0,0.593150943
206,t3_dp7,2.640279711,2646.16916889104,1.0,1.110870781,1.110870781,534.467038990057,1.0,1.110870781
207,t3_dp8,2.668741822,2677.628739052528,2.0,0.801119922,0.801119922,511.0158475064104,2.0,0.801119922
208,t3_dp9,2.594734726,2278.092876275733,1.0,0.620715022,0.620715022,219.59859383458095,1.0,0.620715022
209,t3_dp10,2.748880858,2317.4241450138265,1.0,0.915272598,0.915272598,270.6849441568746,1.0,0.915272598
210,t3_dp11,2.535270095,2192.1101720468737,1.0,0.16376403,0.455234885,90.35593020515968,1.0,0.16376403
211,t3_dp12,2.497842041,2187.685766733763,0.0,0.0,0.458836347,91.28605687661651,0.0,0.0
212,t3_dp13,2.589692647,2347.2483451012217,1.0,0.983336867,0.983336867,291.8650819747068,1.0,0.983336867
213,t3_dp14,2.683055938,2493.3874744310515,1.0,0.8237547279999999,0.8237547279999999,367.2124042588692,1.0,0.8237547279999999
214,t3_dp15,2.742215815,2767.8326795397707,2.0,0.914576115,0.914576115,638.1401005686309,2.0,0.914576115
215,t3_dp16,2.543742267,2264.2759940047085,2.0,0.9253937870000002,0.465241998,166.88598733464823,0.0,0.0
216,t3_dp17,2.506158772,2520.690611316857,2.0,0.7176708620000001,0.7176708620000001,472.0630789077359,2.0,0.7176708620000001
217,t3_dp18,2.56171465,2405.646469037944,1.0,0.8666375900000001,0.8666375900000001,259.9048876359822,1.0,0.8666375900000001
218,t3_dp19,2.697417794,3364.591735037977,2.0,1.1199837339999998,1.095387579,1212.964247869545,2.0,1.095387579
219,t3_dp20,2.597821949,2583.405458207951,2.0,0.869180919,0.851409198,456.9354736321957,1.0,0.851409198
220,t3_dp21,2.706645564,2641.324205206396,2.0,0.972224544,0.912505224,397.0527500151536,1.0,0.912505224
221,t3_dp22,2.535424738,2503.9970282621152,1.0,0.8305996979999999,0.8305996979999999,306.550747540481,1.0,0.8305996979999999
222,t3_dp23,2.6968035500000003,2416.1060621633846,1.0,0.75509654,0.75509654,277.50985348183434,1.0,0.75509654
223,t3_dp24,2.5494345380000003,2386.9845916761647,2.0,0.8186018479999999,0.8186018479999999,341.99247491615813,2.0,0.8186018479999999
224,t3_dp25,2.669342192,2804.190508669279,1.0,1.0289086420000002,1.005809577,659.7347633357488,1.0,1.005809577
225,t3_dp26,2.711181288,2605.505264989164,2.0,0.8055268480000001,0.7982545750000001,495.79951938420834,2.0,0.7982545750000001
226,t3_dp27,2.645195339,2831.9126034672418,2.0,0.8391047389999999,0.8076128329999999,710.3063472697357,2.0,0.8076128329999999
227,t3_dp28,2.553469032,2426.6418454694203,2.0,0.640942782,0.640942782,318.3240593311921,2.0,0.640942782
228,t3_dp29,2.66387352,2488.1111404012654,2.0,0.727070421,0.714817285,334.08982267369106,1.0,0.664822876
229,t3_dp30,2.497854235,2429.066313506274,2.0,0.7258919450000001,0.647250895,263.48314974775485,1.0,0.489651322
230,t3_dp31,2.590227779,2511.8364829706666,1.0,0.736359779,0.736359779,370.7955284547286,1.0,0.736359779
231,t3_dp32,2.559414891,2466.051249269496,1.0,0.770929011,0.770929011,321.9039729929213,1.0,0.770929011
232,t3_dp33,2.734026927,2533.774769170867,2.0,0.838898437,0.838898437,334.4048662835537,2.0,0.838898437
233,t3_dp34,2.592708945,2434.0345483107303,2.0,0.626892507,0.626892507,335.3582021011605,1.0,0.61098808
234,t3_dp35,2.695320395,2610.6125341705783,1.0,0.955303935,0.942238984,396.68419062997214,1.0,0.942238984
235,t3_dp36,2.718163532,2679.8575475716475,1.0,1.145191472,1.138600942,473.3716951822657,1.0,1.138600942
236,t3_dp37,2.550203085,2333.3248575515936,1.0,0.564738869,0.564738869,144.23896698720884,1.0,0.564738869
237,t3_dp38,2.670168159,2933.997359000234,1.0,0.966750379,0.928984429,783.449936347375,1.0,0.928984429
238,t3_dp39,2.74198201,2452.398571460113,1.0,0.94200173,0.94200173,287.8128161109992,1.0,0.94200173
239,t3_dp40,2.576951416,2545.2722590882336,2.0,0.700577166,0.700577166,363.7585795693499,2.0,0.700577166
240,t3_dp41,2.617796507,2542.411265320716,2.0,0.819203347,0.819203347,455.5149402658288,2.0,0.819203347
241,t3_dp42,2.700576847,2988.486907382726,2.0,0.910448017,0.869857879,741.5618428857342,2.0,0.869857879
242,t3_dp43,2.5001346520000003,2296.754267283404,1.0,0.465971828,0.650372092,274.45756508332005,1.0,0.465971828
243,t3_dp44,2.772694577,2489.2200963932087,0.0,0.0,1.086811047,377.89016860944497,0.0,0.0
244,t3_dp45,2.586840506,2400.1554640745608,1.0,0.591516972,0.591516972,178.396486012552,1.0,0.591516972
245,t3_dp46,2.575889499,2442.422227566376,1.0,0.646385282,0.646385282,278.8388028709524,1.0,0.646385282
246,t3_dp47,2.762348165,2705.7480000647206,1.0,0.994853245,0.994853245,506.5497199220627,1.0,0.994853245
247,t3_dp48,2.449979274,2212.7213240938377,2.0,0.459581822,0.459581822,207.25124785417307,2.0,0.459581822
248,t3_dp49,2.642922376,2777.2501499045475,1.0,0.7912257659999999,0.7435530770000001,574.7775088371227,1.0,0.7435530770000001
249,t3_dp50,2.478173766,2531.3531542354453,2.0,0.561731126,0.561731126,368.797772750513,2.0,0.561731126
250,t3_dp51,2.592375902,2458.69064736551,2.0,1.203779132,0.4600397049999999,149.79018180788648,1.0,0.4013094009999999
251,t3_dp52,2.734576735,3164.826296418048,2.0,1.194460305,1.172798875,830.6412186268651,2.0,1.172798875
252,t3_dp53,2.515511276,2276.888595601185,1.0,0.3341370829999999,0.445251286,145.0345506161449,1.0,0.3341370829999999
253,t3_dp54,2.798482028,2805.994596442928,0.0,0.0,1.075139138,594.3059735162725,0.0,0.0
254,t3_dp55,2.611792776,2498.3803077946573,2.0,0.994830816,0.804055426,250.4270030336993,1.0,0.804055426
255,t3_dp56,2.595822041,2728.282219403195,1.0,1.0460798109999998,1.0460798109999998,387.6220345612163,1.0,1.0460798109999998
256,t3_dp57,2.793141336,3155.089160987131,3.0,1.1641559259999998,1.098643986,859.3605956725322,2.0,1.098643986
257,t3_dp58,2.75142461,2829.481254925244,2.0,1.0402028,1.0402028,672.5516132345291,2.0,1.0402028
258,t3_dp59,2.776528743,3473.208531393145,2.0,1.137185243,1.099892211,1143.059231335368,2.0,1.099892211
259,t3_dp60,2.521962942,2295.510577639334,0.0,0.0,0.450666546,122.57316026835326,0.0,0.0
260,t3_dp61,2.744761733,2623.8586866710875,2.0,1.272643833,0.859881313,252.17541465821765,1.0,0.750598401
261,t3_dp62,2.724160793,2757.8149745807423,1.0,1.0595661429999998,1.0595661429999998,350.4427597659347,1.0,1.0595661429999998
262,t3_dp63,2.745134816,2680.917322340949,2.0,1.1000169359999998,1.0839103360000002,314.6696689806355,1.0,1.0839103360000002
263,t3_dp64,2.673884395,2891.5820988935893,2.0,1.125390525,1.103999789,522.9257438189835,2.0,1.103999789
264,t3_dp65,2.525279674,2592.891299191352,1.0,0.860442554,0.860442554,335.86195297584425,1.0,0.860442554
265,t3_dp66,2.587839688,2515.3480902938945,1.0,0.8213599580000002,0.8213599580000002,343.2382929424511,1.0,0.8213599580000002
266,t3_dp67,2.571412209,2717.623569503362,1.0,0.8078533390000001,0.8078533390000001,415.5738239529727,1.0,0.8078533390000001
267,t3_dp68,2.654791743,2838.6477045761044,3.0,0.979238063,0.920064273,564.6685902271961,2.0,0.920064273
268,t3_dp69,2.46158081,2432.6711146825924,2.0,0.8308883300000001,0.61228269,179.778519840718,1.0,0.61228269
269,t3_dp70,2.628527968,2419.5451569575093,1.0,0.745404568,0.745404568,187.1186338712923,1.0,0.745404568
270,t3_dp71,2.530205965,2633.6983685991445,1.0,0.8949010350000001,0.8949010350000001,373.4882351362058,1.0,0.8949010350000001
271,t3_dp72,2.664245636,2681.183023508672,2.0,0.712893099,0.712893099,324.72070647014186,2.0,0.712893099
272,t3_dp73,2.753843006,2689.157550196217,2.0,1.068483176,0.965794386,264.58641197109665,2.0,0.965794386
273,t3_dp74,2.801661995,2934.040762406933,3.0,1.3351211850000002,1.093631415,531.7416436116861,2.0,1.093631415
274,t3_dp75,2.5937877,2477.277226785113,1.0,0.673927278,0.673927278,179.75135102028514,1.0,0.673927278
275,t3_dp76,2.684529725,2997.9940848681326,2.0,0.904449405,0.8760212090000001,655.0716546068785,2.0,0.8760212090000001
276,t3_dp77,2.628405626,2919.2384514457185,2.0,1.086975996,0.728402676,495.6858650768804,1.0,0.728402676
277,t3_dp78,2.507665991,2699.8395408202978,1.0,0.7551064509999998,0.7551064509999998,443.562434690131,1.0,0.7551064509999998
278,t3_dp79,2.477231319,2558.739281081573,1.0,0.538151681,0.538151681,227.6740607413216,1.0,0.538151681
279,t3_dp80,2.54810059,2599.142052022863,1.0,1.13451588,0.76971877,218.5383054104385,0.0,0.0
280,t3_dp81,2.737295716,2681.4949576800595,0.0,0.0,1.148839566,245.0855664237764,0.0,0.0
281,t3_dp82,2.669965866,2777.702933374721,2.0,1.023334856,1.023334856,536.5358923865416,2.0,1.023334856
282,t3_dp83,2.393767266,2362.940624154104,1.0,0.562787326,0.562787326,162.90072435076357,0.0,0.0
283,t3_dp84,2.788589345,2925.5568916123825,1.0,1.036815505,1.036815505,610.6973702924483,2.0,1.036815505
284,t3_dp85,2.72869605,3043.1531072163843,1.0,1.0345820799999998,1.015515746,676.1282509452498,1.0,1.015515746
285,t3_dp86,2.678329783,2772.2881751346613,3.0,0.8540583429999999,0.8540583429999999,374.2203033133655,2.0,0.8540583429999999
286,t3_dp87,2.602209393,2753.060813572108,1.0,0.8587035529999999,0.8342592409999999,403.1659624210524,1.0,0.8342592409999999
287,t3_dp88,2.618783508,3114.219636008896,2.0,0.964279678,0.964279678,739.1572821966727,2.0,0.964279678
288,t3_dp89,2.587578743,2765.1049730537125,2.0,1.176346393,0.486026078,248.0332806369345,0.0,0.0
289,t3_dp90,2.689105661,2680.607366340126,2.0,0.8395717409999999,0.8243112829999999,294.1494082840815,1.0,0.7124048729999999
290,t3_dp91,2.543565187,2450.6547153771166,1.0,0.6450245669999999,0.6450245669999999,187.09391684541197,0.0,0.0
291,t3_dp92,2.7752464540000004,2909.885832119723,1.0,1.151341154,1.151341154,539.705635764368,2.0,1.151341154
292,t3_dp93,2.618098016,2869.8764235798976,2.0,1.277853966,0.7616097629999999,280.4608725541512,1.0,0.7616097629999999
293,t3_dp94,2.481177327,2646.729929461747,3.0,0.537324012,0.4734951859999999,325.04465410799355,2.0,0.4734951859999999
294,t3_dp95,2.531299736,2681.356118806741,1.0,0.7320131360000002,0.7320131360000002,290.7702739921063,1.0,0.7320131360000002
295,t3_dp96,2.74065094,3581.1443706077084,2.0,1.20020132,1.15661672,1170.4034633622591,2.0,1.15661672
296,t3_dp97,2.790228273,3363.3656839574937,3.0,1.170070083,1.161333935,926.0155233704209,3.0,1.161333935
297,t3_dp98,2.436276908,2577.040102972393,1.0,0.388892651,0.388892651,182.99676037246687,1.0,0.388892651
298,t3_dp99,2.510868814,2788.8410806215834,2.0,1.159516004,0.465387672,226.4135824933121,1.0,0.136617035
299,t3_dp100,2.701245431,2944.541136218195,1.0,1.275714521,1.275714521,322.01196404808445,1.0,1.275714521
300,t4_dp1,2.219245018,2247.41097130779,2.0,0.7424917780000001,0.7424917780000001,539.699487550793,1.0,0.7424917780000001
301,t4_dp2,2.463689565,2588.996215421835,1.0,0.967523215,0.967523215,736.3714344559847,1.0,0.967523215
302,t4_dp3,2.2621530300000003,2236.913717299223,1.0,0.6683561800000001,0.6683561800000001,340.168683264772,1.0,0.6683561800000001
303,t4_dp4,2.371111635,2532.5600533379525,3.0,1.005233645,1.005233645,614.2206514678119,3.0,1.005233645
304,t4_dp5,2.209149477,2176.572095730338,1.0,0.994810817,0.994810817,500.30567476048674,1.0,0.994810817
305,t4_dp6,2.109521153,2332.767844185041,3.0,0.750634193,0.750634193,532.3946172866055,2.0,0.4009983530000001
306,t4_dp7,2.422137616,2575.791115539909,1.0,1.221404436,1.221404436,590.2095987460558,1.0,1.221404436
307,t4_dp8,2.220067438,2455.9886254024323,2.0,0.845140878,0.845140878,604.4332421907415,2.0,0.845140878
308,t4_dp9,2.223602053,2252.6526722299263,1.0,0.7256940630000001,0.7256940630000001,391.7240932993704,1.0,0.7256940630000001
309,t4_dp10,2.37099171,2119.703261064025,1.0,1.0059371,1.0165273,470.4873845851372,1.0,1.0059371
310,t4_dp11,2.187132713,2036.6716758676405,1.0,0.912363883,0.867698433,437.60488237447737,0.0,0.0
311,t4_dp12,2.188137171,2096.7576833657704,1.0,0.677687291,0.677687291,405.0257648728855,1.0,0.677687291
312,t4_dp13,2.277793918,2242.2500184240257,1.0,1.114278708,1.114278708,494.0080548853173,1.0,1.114278708
313,t4_dp14,2.362427891,2217.085544482865,1.0,0.903484521,0.903484521,668.6606216712638,1.0,0.903484521
314,t4_dp15,2.475681512,2520.2170376298923,2.0,1.1326808620000002,1.1326808620000002,693.655842009438,2.0,1.1326808620000002
315,t4_dp16,2.117149952,2204.6115060675656,2.0,0.773019432,0.773019432,343.3044349168947,1.0,0.288183987
316,t4_dp17,2.16910309,2490.958302919158,2.0,0.9000306700000001,0.9000306700000001,640.3999194044817,2.0,0.9000306700000001
317,t4_dp18,2.277692313,2312.779476488653,1.0,1.039687513,1.039687513,494.1462498659158,1.0,1.039687513
318,t4_dp19,2.485293538,3085.7210860372998,2.0,1.262923028,1.262923028,1078.8633137065956,2.0,1.262923028
319,t4_dp20,2.306548948,2524.995338800443,2.0,1.0204571480000002,1.0204571480000002,638.3434790230901,2.0,1.0204571480000002
320,t4_dp21,2.384809102,2540.649669706152,2.0,1.096007912,1.096007912,737.6519270415058,2.0,1.096007912
321,t4_dp22,2.174664435,2311.6484032043586,1.0,0.940686405,0.940686405,621.0707623930614,1.0,0.940686405
322,t4_dp23,2.347187016,2115.0432794063363,1.0,0.869015546,0.869015546,516.7156392896181,1.0,0.869015546
323,t4_dp24,2.175941462,2302.2025577553227,2.0,0.931945922,0.931945922,514.1037275219948,2.0,0.931945922
324,t4_dp25,2.435667987,2538.901297486879,1.0,1.066899657,1.066899657,650.8055115827858,1.0,1.066899657
325,t4_dp26,2.444895057,2386.835956607507,2.0,1.039846097,1.039846097,554.8823773174281,2.0,1.039846097
326,t4_dp27,2.371459897,2491.540296506921,2.0,0.8866113969999999,0.8866113969999999,676.0609218932357,2.0,0.8866113969999999
327,t4_dp28,2.162590685,2400.230994186821,2.0,0.782274305,0.782274305,521.0950790889872,2.0,0.782274305
328,t4_dp29,2.379440483,2351.670188523621,2.0,0.960384433,0.960384433,448.88739773336914,2.0,0.960384433
329,t4_dp30,2.2608793360000004,2413.179318815237,2.0,0.923409166,0.923409166,499.8957121980909,2.0,0.923409166
330,t4_dp31,2.230394125,2322.6619348128006,1.0,0.811682105,0.811682105,472.3170479241945,1.0,0.811682105
331,t4_dp32,2.300024543,2229.582534111974,1.0,0.977745803,0.977745803,474.0014763751215,1.0,0.977745803
332,t4_dp33,2.393631222,2260.2138431073995,2.0,1.040765522,1.040765522,585.8754552824793,2.0,1.040765522
333,t4_dp34,2.1043129,2110.311028212624,2.0,0.6577212800000001,0.6577212800000001,363.6976010650181,2.0,0.6577212800000001
334,t4_dp35,2.425343696,2419.660335347713,1.0,1.109874546,1.109874546,521.8273787714702,1.0,1.109874546
335,t4_dp36,2.487847264,2586.3084726084635,1.0,1.291584194,1.291584194,605.8127567727456,1.0,1.291584194
336,t4_dp37,2.281658293,2246.286393017117,1.0,0.822975393,0.822975393,390.40561924537406,1.0,0.822975393
337,t4_dp38,2.465368476,2687.377086661836,2.0,0.935246796,0.935246796,738.36450212804,1.0,0.935246796
338,t4_dp39,2.365929457,2139.7802199965404,1.0,1.038460107,1.038460107,409.921316951868,1.0,1.038460107
339,t4_dp40,2.346057947,2332.491730286204,2.0,0.978430807,0.978430807,518.2607702987708,2.0,0.978430807
340,t4_dp41,2.185594383,2338.6131375299155,2.0,0.902103483,0.902103483,516.6643115020837,2.0,0.902103483
341,t4_dp42,2.455501169,2806.081789813044,2.0,1.136132449,1.136132449,851.0009305903598,2.0,1.136132449
342,t4_dp43,2.211983319,2100.9337267528645,2.0,0.913456199,0.913456199,407.2286182201282,1.0,0.677562829
343,t4_dp44,2.600221664,2380.970880622369,1.0,1.268072634,1.268072634,516.8759887681018,1.0,1.268072634
344,t4_dp45,2.310303571,2211.480362593992,1.0,0.8643778609999999,0.8643778609999999,398.0020276631099,1.0,0.8643778609999999
345,t4_dp46,2.272365482,2278.2718609399403,2.0,0.967027572,0.967027572,507.1750426861896,1.0,0.8674186719999999
346,t4_dp47,2.495397596,2417.8543457474657,2.0,1.081630026,1.081630026,561.2781292247436,1.0,1.081630026
347,t4_dp48,1.950674777,1965.2214454004625,2.0,0.584288477,0.584288477,335.1031551422703,2.0,0.584288477
348,t4_dp49,2.377547175,2402.6998793196185,2.0,0.7735284849999999,0.7735284849999999,567.6194047630396,2.0,0.7735284849999999
349,t4_dp50,2.1935930810000004,2347.2235483579216,2.0,0.6512607910000001,0.6512607910000001,519.2324731441475,2.0,0.6512607910000001
350,t4_dp51,2.268569765,2108.134734722436,2.0,0.983525455,0.7861273849999999,393.4560987357553,1.0,0.5736091749999999
351,t4_dp52,2.501181363,2863.268826831703,2.0,1.3244334430000002,1.3244334430000002,856.5640863899537,2.0,1.3244334430000002
352,t4_dp53,2.071177064,1946.1894900222565,2.0,0.578111234,0.578111234,396.5822756173562,1.0,0.435687604
353,t4_dp54,2.623091938,2603.038946830104,1.0,1.304109218,1.304109218,704.81676094057,2.0,1.304109218
354,t4_dp55,2.273198423,2254.6194007228223,2.0,1.041429343,1.041429343,520.9039783191847,1.0,1.041429343
355,t4_dp56,2.2929677070000003,2399.1841418593517,1.0,1.170675547,1.170675547,798.2682668033457,1.0,1.170675547
356,t4_dp57,2.594597553,2764.46413008157,3.0,1.191590523,1.191590523,821.5391340242463,2.0,1.191590523
357,t4_dp58,2.5150126470000003,2513.006863496484,1.0,1.197559507,1.192424746,641.2814849974231,1.0,1.192424746
358,t4_dp59,2.573098895,3044.8031440715927,3.0,1.258124945,1.258124945,1012.0724386362624,2.0,1.258124945
359,t4_dp60,2.063147424,1866.2233200603755,1.0,0.581069704,0.512224194,328.1507591458406,0.0,0.0
360,t4_dp61,2.402921468,2248.50228290226,2.0,1.1736251379999998,1.1637217080000002,545.2548639373381,1.0,0.8751720479999999
361,t4_dp62,2.420731339,2388.7951167384413,1.0,1.1946972889999998,1.1946972889999998,604.4118097430127,1.0,1.1946972889999998
362,t4_dp63,2.40607584,2337.699833870716,2.0,1.22893727,1.22893727,614.8485072851394,1.0,1.22893727
363,t4_dp64,2.428667124,2604.588390189326,1.0,1.245475824,1.245475824,562.173196622491,1.0,1.245475824
364,t4_dp65,2.294865133,2340.0641262305207,1.0,1.065383073,1.065383073,469.18239873545895,1.0,1.065383073
365,t4_dp66,2.134062531,2177.939516044112,1.0,0.849857331,0.849857331,386.3269525650656,1.0,0.849857331
366,t4_dp67,2.354546519,2424.402681796191,2.0,0.964835969,0.964835969,471.1924362290813,1.0,0.964835969
367,t4_dp68,2.384087477,2554.416816433285,3.0,0.991651087,0.991651087,654.8552149080253,2.0,0.991651087
368,t4_dp69,2.177089337,2154.91183367846,2.0,0.8571485270000001,0.8571485270000001,376.72430691079217,1.0,0.8571485270000001
369,t4_dp70,2.10701787,2197.1423654042987,1.0,0.6020354,0.6020354,400.3263646877067,1.0,0.6020354
370,t4_dp71,2.309050142,2354.810149698548,1.0,1.097517432,1.097517432,540.7051684103118,1.0,1.097517432
371,t4_dp72,2.354125229,2322.2138859688766,2.0,0.9445294990000002,0.9445294990000002,593.3144948238343,2.0,0.9445294990000002
372,t4_dp73,2.418353379,2313.89242940054,2.0,1.163066799,1.163066799,620.169376147066,1.0,1.163066799
373,t4_dp74,2.611597166,2637.6627086476924,3.0,1.274455766,1.274455766,636.8007755365601,2.0,1.274455766
374,t4_dp75,2.128959536,2029.0848137265957,1.0,0.7428909560000001,0.7428909560000001,377.3008667749222,1.0,0.7428909560000001
375,t4_dp76,2.436414542,2607.935472637157,2.0,1.118579922,1.118579922,666.9392056281731,2.0,1.118579922
376,t4_dp77,2.264730037,2564.775521517225,2.0,0.956427157,0.7705796369999999,583.4406312421655,1.0,0.6305375669999999
377,t4_dp78,2.296204205,2396.199548517824,2.0,0.914003375,0.914003375,527.5064429306194,2.0,0.914003375
378,t4_dp79,2.215641563,2164.5808389631097,1.0,0.7605467429999999,0.7605467429999999,439.3048843071466,1.0,0.7605467429999999
379,t4_dp80,2.216053073,2279.790804802998,1.0,1.028864803,1.028864803,371.6775267676387,0.0,0.0
380,t4_dp81,2.3324283660000003,2274.209899578205,0.0,0.0,1.140532766,568.9417634816978,0.0,0.0
381,t4_dp82,2.209691401,2606.474887859305,2.0,1.014833331,1.014833331,780.1938717635562,2.0,1.014833331
382,t4_dp83,1.96880573,2045.556893802544,1.0,0.69298512,0.69298512,259.7444630839342,0.0,0.0
383,t4_dp84,2.621837167,2609.1376468036337,1.0,1.191759137,1.191759137,644.4759268943975,2.0,1.191759137
384,t4_dp85,2.504262363,2600.450759998577,2.0,1.064830573,1.064830573,636.6818591610147,1.0,1.064830573
385,t4_dp86,2.354461609,2352.503104934114,3.0,0.948632179,0.948632179,547.8735228024941,2.0,0.948632179
386,t4_dp87,2.34761995,2458.6042008294403,2.0,1.01728612,1.01728612,535.9281497512799,1.0,1.01728612
387,t4_dp88,2.359131367,2761.0259653839453,2.0,1.084140927,1.084140927,855.6473991901335,2.0,1.084140927
388,t4_dp89,2.149345156,2296.794947474116,2.0,0.842197656,0.5291362960000001,332.51108753267016,1.0,0.235164046
389,t4_dp90,2.412793126,2395.70635368766,1.0,1.040166706,1.040166706,456.8131505252607,2.0,1.040166706
390,t4_dp91,2.038628158,2055.604629377294,1.0,0.6391437680000001,0.6391437680000001,291.80850795769965,1.0,0.6391437680000001
391,t4_dp92,2.588923692,2621.5052494092497,1.0,1.283207182,1.283207182,633.2214467612306,2.0,1.283207182
392,t4_dp93,2.390592431,2561.1433266256718,2.0,1.214951721,1.107204531,501.2905874746433,1.0,0.979061101
393,t4_dp94,2.198462193,2382.2618573856284,3.0,0.652705853,0.652705853,471.5153773917558,2.0,0.652705853
394,t4_dp95,2.103182554,2188.570958548982,2.0,0.7838512639999999,0.7838512639999999,438.9285749141342,2.0,0.7838512639999999
395,t4_dp96,2.567411873,2985.3914007038265,3.0,1.099671213,1.099671213,974.4218878133072,2.0,1.099671213
396,t4_dp97,2.5772265460000003,2932.2801289928057,3.0,1.363684686,1.363684686,857.422569300837,3.0,1.363684686
397,t4_dp98,2.177237868,2185.6578395101383,2.0,0.6231576179999999,0.6231576179999999,419.7014766417341,1.0,0.622952458
398,t4_dp99,2.073030886,2263.291874765433,1.0,0.901663716,0.611607496,258.5785750973416,0.0,0.0
399,t4_dp100,2.409880306,2471.45778571088,1.0,1.371090796,1.371090796,656.2505580340716,1.0,1.371090796
400,t5_dp1,2.682316928,1956.0238895987384,0.0,0.0,0.402101188,160.5974781908204,0.0,0.0
401,t5_dp2,2.675287098,1890.3551622172888,1.0,1.095882028,0.970505568,375.17367468557296,0.0,0.0
402,t5_dp3,2.766199901,2031.3191354802384,0.0,0.0,0.596014335,174.6814741336938,0.0,0.0
403,t5_dp4,2.500556381,1863.092520860874,1.0,0.353577941,0.353577941,141.5895262727847,1.0,0.353577941
404,t5_dp5,2.61383045,1882.4386123521615,0.0,0.0,0.71699333,228.1956523437673,0.0,0.0
405,t5_dp6,2.627164721,1929.873092839321,1.0,0.3962475649999999,0.721614481,390.8091988112187,1.0,0.3962475649999999
406,t5_dp7,2.532356145,1863.3830857952976,0.0,0.0,0.4535621399999999,131.57057307385006,0.0,0.0
407,t5_dp8,2.6373324680000003,1912.702034903696,0.0,0.0,0.577235132,250.8193701241627,0.0,0.0
408,t5_dp9,2.783240884,2026.4845619150549,0.0,0.0,0.907280054,253.90677263575128,0.0,0.0
409,t5_dp10,2.519050454,1757.006646454709,0.0,0.0,0.6035461129999999,227.49769667516043,0.0,0.0
410,t5_dp11,2.572901841,1820.7830381650372,0.0,0.0,0.4910206789999999,207.15750647612705,0.0,0.0
411,t5_dp12,2.570659702,1909.024904649076,0.0,0.0,0.382350087,163.25093622187663,0.0,0.0
412,t5_dp13,2.393972811,1732.8327299006826,0.0,0.0,0.43899256,157.82456272157654,0.0,0.0
413,t5_dp14,2.656907733,1859.2005972357524,0.0,0.0,0.8030927729999999,351.0349257322899,0.0,0.0
414,t5_dp15,2.599723844,1841.746426339262,0.0,0.0,0.686554403,185.632116831496,0.0,0.0
415,t5_dp16,2.662065416,1972.0561567811749,1.0,0.464986593,0.4712873399999999,283.24266663674433,1.0,0.464986593
416,t5_dp17,2.514480026,1876.7650157037697,0.0,0.0,0.8028798359999999,298.9577260857002,0.0,0.0
417,t5_dp18,2.655700486,1931.1059239213805,0.0,0.0,0.711391852,326.182118286066,0.0,0.0
418,t5_dp19,2.624341074,1813.1743876663163,0.0,0.0,1.300777854,441.8260482304896,0.0,0.0
419,t5_dp20,2.564192445,1980.6529827047657,1.0,0.413336844,0.413336844,241.60381247694292,1.0,0.413336844
420,t5_dp21,2.549216244,2049.2110872668527,1.0,0.422820061,0.422820061,343.708727124018,1.0,0.422820061
421,t5_dp22,2.544563534,1948.837600257199,0.0,0.0,0.920690774,391.7932916536792,0.0,0.0
422,t5_dp23,2.699808006,1885.650000961425,0.0,0.0,0.8745909960000001,386.69508423087433,0.0,0.0
423,t5_dp24,2.434924069,1776.0793760683396,0.0,0.0,0.410527885,188.83207845149823,0.0,0.0
424,t5_dp25,2.697188139,1937.283325266624,0.0,0.0,0.616820693,194.1816196047279,0.0,0.0
425,t5_dp26,2.5478270920000003,1826.3305563212848,0.0,0.0,0.4910962279999999,125.78777405961876,0.0,0.0
426,t5_dp27,2.628317265,1885.3614289917632,0.0,0.0,0.689815313,278.99096230824046,0.0,0.0
427,t5_dp28,2.5351122040000003,1917.7846830515848,0.0,0.0,0.7273998840000001,301.5765619567159,0.0,0.0
428,t5_dp29,2.452943978,1847.165957906215,0.0,0.0,0.228246689,125.26338091414328,0.0,0.0
429,t5_dp30,2.51479453,2037.7247478420056,1.0,0.3577988149999999,0.3577988149999999,303.2556511531347,1.0,0.3577988149999999
430,t5_dp31,2.633444342,1946.2881656040952,0.0,0.0,0.598407001,244.06547200563807,0.0,0.0
431,t5_dp32,2.7061598140000003,1933.6932755361652,0.0,0.0,0.8288395239999999,233.36561241635687,0.0,0.0
432,t5_dp33,2.518522857,1849.3053985065972,0.0,0.0,0.527577877,237.59817928181656,0.0,0.0
433,t5_dp34,2.626549244,1904.9500625204628,0.0,0.0,0.608272493,242.93486065054296,0.0,0.0
434,t5_dp35,2.650953771,1949.2530098136049,0.0,0.0,0.6217793220000001,208.70571202026863,0.0,0.0
435,t5_dp36,2.488370623,1874.2136281770772,0.0,0.0,0.673856343,250.54917789795556,0.0,0.0
436,t5_dp37,2.5069846520000003,1910.9713598909295,0.0,0.0,0.491840004,176.223455296093,0.0,0.0
437,t5_dp38,2.624800686,1939.434337822352,0.0,0.0,0.351567686,184.2144218671218,0.0,0.0
438,t5_dp39,2.46122584,1779.850608377253,0.0,0.0,0.76762804,387.4855883918793,0.0,0.0
439,t5_dp40,2.6284110000000003,1922.3875969643752,0.0,0.0,0.75255913,295.4076627824882,0.0,0.0
440,t5_dp41,2.602471115,2005.6217325285195,1.0,0.6601016550000001,0.712806345,335.68401507997305,1.0,0.6601016550000001
441,t5_dp42,2.5627881300000004,1856.3963311494165,0.0,0.0,0.8601577299999998,291.04797940960486,0.0,0.0
442,t5_dp43,2.272012349,1683.5790584842068,0.0,0.0,0.384584427,184.05018778364945,0.0,0.0
443,t5_dp44,2.309511956,1713.4438036711022,0.0,0.0,0.254039765,106.15930380700996,0.0,0.0
444,t5_dp45,2.672164831,1977.0266945252115,0.0,0.0,0.8177086410000001,277.3139281192981,0.0,0.0
445,t5_dp46,2.646793124,1921.9857669612304,0.0,0.0,0.5358517170000001,242.1082233092565,0.0,0.0
446,t5_dp47,2.552521644,1868.0592876534583,0.0,0.0,0.49319774,212.535388018949,0.0,0.0
447,t5_dp48,2.4151290960000003,1782.1983134647062,0.0,0.0,0.386628836,149.85553560335578,0.0,0.0
448,t5_dp49,2.584421813,1916.2399776125333,0.0,0.0,0.606155574,228.72314478385343,0.0,0.0
449,t5_dp50,2.615048943,1979.0377980372384,0.0,0.0,0.6629156469999999,282.7581641162697,0.0,0.0
450,t5_dp51,2.691354707,1989.1030408055344,1.0,0.7887045869999999,0.7887045869999999,286.67529189094023,0.0,0.0
451,t5_dp52,2.602648825,1828.7004134166184,0.0,0.0,1.298325625,462.1589008034748,0.0,0.0
452,t5_dp53,2.555340142,1903.6234992214968,0.0,0.0,0.415364295,195.74135937447736,0.0,0.0
453,t5_dp54,2.317344964,1726.9843306680737,0.0,0.0,0.3842260239999999,144.72602586108394,0.0,0.0
454,t5_dp55,2.581149932,1980.3597085091924,1.0,0.8547030720000001,0.8547030720000001,258.9846519301273,0.0,0.0
455,t5_dp56,2.5463745340000004,1886.7235823880767,0.0,0.0,1.097036694,416.5407963251216,0.0,0.0
456,t5_dp57,2.495778291,1937.8548568923527,1.0,0.694301811,0.694301811,208.44716389556808,1.0,0.694301811
457,t5_dp58,2.285194993,1734.941577158194,0.0,0.0,0.3965461250000001,174.1856630166762,0.0,0.0
458,t5_dp59,2.703291955,2147.084437183455,1.0,1.140208425,1.120143235,325.68709432263745,0.0,0.0
459,t5_dp60,2.629434224,1951.2446526847648,0.0,0.0,0.655595064,226.22514761267968,0.0,0.0
460,t5_dp61,2.479355007,1903.3317701473209,1.0,0.390190571,0.390190571,162.1580122155257,0.0,0.0
461,t5_dp62,2.545336132,1979.4800020947896,0.0,0.0,0.7761572619999999,338.9586183668624,0.0,0.0
462,t5_dp63,2.506025615,1949.0403739956084,1.0,0.6815155150000001,0.6815155150000001,233.8449802039632,0.0,0.0
463,t5_dp64,2.528149516,1875.9083430990647,0.0,0.0,1.028174306,378.2831049385587,0.0,0.0
464,t5_dp65,2.4828699480000003,1927.066995838202,0.0,0.0,0.519269317,219.5943350775852,0.0,0.0
465,t5_dp66,2.615837936,1994.358139041376,0.0,0.0,0.7124803059999999,345.8041087848771,0.0,0.0
466,t5_dp67,2.676824125,2128.3612886862147,1.0,1.023498085,1.010668185,337.19833606644346,0.0,0.0
467,t5_dp68,2.5240474080000004,1968.954762791562,1.0,0.652811078,0.652811078,309.0353263141835,0.0,0.0
468,t5_dp69,2.473164919,1941.3159186795772,1.0,0.5796418189999999,0.5796418189999999,211.08063733955487,1.0,0.5796418189999999
469,t5_dp70,2.566198532,2006.575964730656,0.0,0.0,0.8276563319999999,370.2814350609771,0.0,0.0
470,t5_dp71,2.491547109,1935.548570443004,0.0,0.0,0.8000760089999999,385.91733859413824,0.0,0.0
471,t5_dp72,2.506459291,1953.571005684265,0.0,0.0,0.6199875509999999,245.9971535018904,0.0,0.0
472,t5_dp73,2.4994916,1984.4892033140368,1.0,0.63835767,0.63835767,334.9013280585666,1.0,0.63835767
473,t5_dp74,2.372201146,1925.060184057512,1.0,0.463575542,0.463575542,240.83453189097932,1.0,0.463575542
474,t5_dp75,2.467279433,1925.389448414552,0.0,0.0,0.438022793,217.97716945184013,0.0,0.0
475,t5_dp76,2.498201881,2013.682576491648,1.0,0.495917767,0.580797101,297.86674483158777,1.0,0.495917767
476,t5_dp77,2.5454258910000003,2076.2858274980435,1.0,0.782091141,0.782091141,337.07394829846544,1.0,0.782091141
477,t5_dp78,2.412453476,1915.8401314736827,0.0,0.0,0.3878045679999999,196.372334264534,0.0,0.0
478,t5_dp79,2.507120696,1966.7917098759872,0.0,0.0,0.686791276,307.05306642445265,0.0,0.0
479,t5_dp80,2.362705951,1849.0528666100367,1.0,0.34630245,0.351291657,157.03421367742058,1.0,0.34630245
480,t5_dp81,2.361685097,1776.2151274829278,0.0,0.0,0.6115805470000001,210.49307366176083,0.0,0.0
481,t5_dp82,2.504189848,1935.686650577652,0.0,0.0,0.962044718,390.0483487687832,0.0,0.0
482,t5_dp83,2.337633911,1896.090559327759,0.0,0.0,0.184523404,137.02444578550447,1.0,0.17241919
483,t5_dp84,2.3333987030000003,1822.0433199800343,0.0,0.0,0.7021521330000001,272.5832440136001,0.0,0.0
484,t5_dp85,2.566171943,2024.243375547708,1.0,0.5667006379999999,0.5667006379999999,246.9805510108423,0.0,0.0
485,t5_dp86,2.472480451,1982.4170742745464,1.0,0.4426645339999999,0.536497741,276.0526519352932,0.0,0.0
486,t5_dp87,2.57815874,2063.145673062554,1.0,0.6495209900000001,0.6495209900000001,293.3866366416253,0.0,0.0
487,t5_dp88,2.5528803150000003,2084.7366220086246,1.0,0.839888365,0.839888365,385.1449227857178,1.0,0.839888365
488,t5_dp89,2.709709015,2221.232969378159,1.0,0.964249815,0.964249815,357.8795331125147,1.0,0.964249815
489,t5_dp90,2.399146914,1959.5163156021767,1.0,0.2276489729999999,0.4841449239999998,237.9030243834718,1.0,0.2276489729999999
490,t5_dp91,2.487373915,2014.6121107291283,0.0,0.0,0.39979288,229.41097806050144,0.0,0.0
491,t5_dp92,2.372542739,1859.6446134781704,0.0,0.0,0.903824089,361.3688171090041,0.0,0.0
492,t5_dp93,2.459957067,2127.412202230817,1.0,0.544675887,0.544675887,400.0641333732987,1.0,0.544675887
493,t5_dp94,2.571933302,2088.219403770972,1.0,0.622279552,0.622279552,315.0175816507903,0.0,0.0
494,t5_dp95,2.401170726,1936.229850092241,0.0,0.0,0.550579666,221.37216035902895,0.0,0.0
495,t5_dp96,2.61435303,2079.039007305314,1.0,0.5853473840000001,0.84295437,399.94086484406336,0.0,0.0
496,t5_dp97,2.513996723,1963.921833355806,1.0,0.859695673,0.878165603,340.5708086758031,1.0,0.859695673
497,t5_dp98,2.51742077,2030.5498302255733,1.0,0.407447756,0.424337328,209.24332715482944,0.0,0.0
498,t5_dp99,2.687294665,2319.0197594882875,1.0,0.978638585,0.978638585,487.5550143568056,1.0,0.978638585
499,t5_dp100,2.47744754,1846.1924532113264,0.0,0.0,1.1535373,394.15310104907553,0.0,0.0
